<?xml version="1.0" encoding="UTF-8"?>
<beans xmlns="http://www.springframework.org/schema/beans"
    xmlns:xsi="http://www.w3.org/2001/XMLSchema-instance" xmlns:p="http://www.springframework.org/schema/p"
    xmlns:context="http://www.springframework.org/schema/context" xmlns:tx="http://www.springframework.org/schema/tx"
    xmlns:jpa="http://www.springframework.org/schema/data/jpa"
    xsi:schemaLocation="http://www.springframework.org/schema/beans http://www.springframework.org/schema/beans/spring-beans.xsd
        http://www.springframework.org/schema/context http://www.springframework.org/schema/context/spring-context.xsd
        http://www.springframework.org/schema/tx http://www.springframework.org/schema/tx/spring-tx.xsd
        http://www.springframework.org/schema/data/jpa http://www.springframework.org/schema/data/jpa/spring-jpa.xsd">

    <context:property-placeholder location="/WEB-INF/spring/jdbc.properties" />

	<bean class="org.springframework.web.servlet.view.InternalResourceViewResolver">    
		<property name="prefix" value="/WEB-INF/jsp/"></property>    
		<property name="suffix" value=".jsp"></property>    
	</bean>    

	<bean id="dataSource" class="org.springframework.jdbc.datasource.DriverManagerDataSource"
        p:driverClassName="oracle.jdbc.driver.OracleDriver" p:url="jdbc:oracle:thin:@localhost:1521:xe"
        p:username="prueba" p:password="1234" />

    <bean id="hibernateJpaVendorAdapter"
        class="org.springframework.orm.jpa.vendor.HibernateJpaVendorAdapter" />

    <!-- Configure the entity manager factory bean -->
    <bean id="entityManagerFactory"
        class="org.springframework.orm.jpa.LocalContainerEntityManagerFactoryBean">
        <property name="dataSource" ref="dataSource" />
        <property name="jpaVendorAdapter" ref="hibernateJpaVendorAdapter" />
        <!-- Set JPA properties -->
        <property name="jpaProperties">
            <props>
                <prop key="hibernate.dialect">${hibernate.dialect}</prop>
            </props>
        </property>
        <property name="packagesToScan" value="cl.mvcjpa.modelo" />
    </bean>
    <!-- Configure the transaction manager bean -->
    <bean id="transactionManager" class="org.springframework.orm.jpa.JpaTransactionManager">
        <property name="entityManagerFactory" ref="entityManagerFactory" />
    </bean>

    <tx:annotation-driven />

    <jpa:repositories base-package="cl.mvcjpa.modelo" />
    <context:component-scan base-package="cl.mvcjpa.servicio" />
</beans>
    
