<?xml version="1.0" encoding="UTF-8"?>
<bean:beans xmlns:bean="http://www.springframework.org/schema/beans"
xmlns:xsi="http://www.w3.org/2001/XMLSchema-instance" 
xmlns="http://www.springframework.org/schema/security"
xsi:schemaLocation="http://www.springframework.org/schema/beans 
http://www.springframework.org/schema/beans/spring-beans.xsd 
http://www.springframework.org/schema/security 
http://www.springframework.org/schema/security/spring-security.xsd">

	<http auto-config="true">
		<intercept-url pattern="/" access="permitAll" />
		<intercept-url pattern="/listadoclientes" access="hasRole('ADMIN')" />
		<intercept-url pattern="/listadoempleados" access="hasRole('USUARIO')" />
	</http>
	
	<authentication-manager>
		<authentication-provider>
		<user-service>
			<user name="francisca" password="{noop}1234" authorities="ROLE_ADMIN" />
			<user name="andrea" password="{noop}5678" authorities="ROLE_USUARIO" />
		</user-service>
		</authentication-provider>
	</authentication-manager>
	
</bean:beans>